PMW;Hotel E;425 vagas;R$ 607;3 estrelas
SAO;Hotel D;336 vagas;R$ 134;1 estrelas
CNF;Hotel C;324 vagas;R$ 329;1 estrelas
SAO;Hotel D;158 vagas;R$ 560;3 estrelas
CNF;Hotel C;180 vagas;R$ 888;1 estrelas
PMW;Hotel D;116 vagas;R$ 959;4 estrelas
PMW;Hotel D;246 vagas;R$ 481;2 estrelas
SAO;Hotel B;453 vagas;R$ 711;3 estrelas
PMW;Hotel B;212 vagas;R$ 452;2 estrelas
PMW;Hotel A;23 vagas;R$ 224;2 estrelas
CNF;Hotel D;311 vagas;R$ 437;1 estrelas
CNF;Hotel B;373 vagas;R$ 752;2 estrelas
PMW;Hotel A;216 vagas;R$ 621;5 estrelas
PMW;Hotel E;415 vagas;R$ 241;5 estrelas
CNF;Hotel E;192 vagas;R$ 195;2 estrelas
PMW;Hotel B;489 vagas;R$ 792;1 estrelas
PMW;Hotel D;287 vagas;R$ 121;5 estrelas
PMW;Hotel C;420 vagas;R$ 314;1 estrelas
PMW;Hotel E;223 vagas;R$ 129;5 estrelas
CNF;Hotel A;288 vagas;R$ 580;3 estrelas
CNF;Hotel D;344 vagas;R$ 513;5 estrelas
PMW;Hotel E;206 vagas;R$ 874;5 estrelas
CNF;Hotel A;378 vagas;R$ 719;1 estrelas
CNF;Hotel E;364 vagas;R$ 481;5 estrelas
SAO;Hotel A;257 vagas;R$ 252;1 estrelas
PMW;Hotel D;415 vagas;R$ 114;1 estrelas
CNF;Hotel B;243 vagas;R$ 233;5 estrelas
CNF;Hotel C;428 vagas;R$ 784;2 estrelas
PMW;Hotel E;50 vagas;R$ 687;5 estrelas
PMW;Hotel B;65 vagas;R$ 743;2 estrelas
CNF;Hotel A;492 vagas;R$ 574;5 estrelas
CNF;Hotel C;142 vagas;R$ 143;5 estrelas
SAO;Hotel D;28 vagas;R$ 579;1 estrelas
SAO;Hotel C;216 vagas;R$ 926;3 estrelas
SAO;Hotel A;476 vagas;R$ 741;4 estrelas
SAO;Hotel C;185 vagas;R$ 267;2 estrelas
PMW;Hotel E;127 vagas;R$ 123;2 estrelas
PMW;Hotel A;98 vagas;R$ 498;4 estrelas
CNF;Hotel C;277 vagas;R$ 181;1 estrelas
CNF;Hotel B;451 vagas;R$ 429;4 estrelas
CNF;Hotel A;32 vagas;R$ 504;4 estrelas
SAO;Hotel A;249 vagas;R$ 894;4 estrelas
PMW;Hotel E;410 vagas;R$ 728;3 estrelas
SAO;Hotel D;267 vagas;R$ 180;3 estrelas
PMW;Hotel D;432 vagas;R$ 350;3 estrelas
PMW;Hotel B;262 vagas;R$ 296;3 estrelas
CNF;Hotel E;288 vagas;R$ 318;1 estrelas
CNF;Hotel D;136 vagas;R$ 493;5 estrelas
CNF;Hotel C;47 vagas;R$ 914;4 estrelas
CNF;Hotel E;478 vagas;R$ 347;5 estrelas
PMW;Hotel E;118 vagas;R$ 407;5 estrelas
SAO;Hotel A;379 vagas;R$ 416;1 estrelas
PMW;Hotel A;490 vagas;R$ 808;3 estrelas
SAO;Hotel A;323 vagas;R$ 253;4 estrelas
PMW;Hotel B;427 vagas;R$ 205;5 estrelas
SAO;Hotel D;126 vagas;R$ 111;1 estrelas
PMW;Hotel A;52 vagas;R$ 735;3 estrelas
CNF;Hotel A;22 vagas;R$ 382;1 estrelas
PMW;Hotel E;349 vagas;R$ 443;5 estrelas
SAO;Hotel E;91 vagas;R$ 776;5 estrelas
SAO;Hotel A;54 vagas;R$ 919;5 estrelas
CNF;Hotel B;411 vagas;R$ 379;4 estrelas
CNF;Hotel E;28 vagas;R$ 446;1 estrelas
CNF;Hotel D;142 vagas;R$ 750;1 estrelas
CNF;Hotel E;189 vagas;R$ 562;4 estrelas
CNF;Hotel A;165 vagas;R$ 957;5 estrelas
CNF;Hotel D;54 vagas;R$ 477;4 estrelas
SAO;Hotel D;341 vagas;R$ 832;3 estrelas
SAO;Hotel E;25 vagas;R$ 315;4 estrelas
SAO;Hotel C;184 vagas;R$ 964;5 estrelas
CNF;Hotel D;183 vagas;R$ 810;3 estrelas
CNF;Hotel C;365 vagas;R$ 889;5 estrelas
CNF;Hotel E;281 vagas;R$ 643;4 estrelas
PMW;Hotel B;466 vagas;R$ 511;2 estrelas
PMW;Hotel E;93 vagas;R$ 340;2 estrelas
CNF;Hotel C;276 vagas;R$ 366;4 estrelas
CNF;Hotel D;361 vagas;R$ 472;5 estrelas
CNF;Hotel B;64 vagas;R$ 187;4 estrelas
CNF;Hotel C;412 vagas;R$ 877;4 estrelas
SAO;Hotel A;57 vagas;R$ 453;4 estrelas
SAO;Hotel A;367 vagas;R$ 386;3 estrelas
CNF;Hotel C;134 vagas;R$ 817;4 estrelas
SAO;Hotel C;498 vagas;R$ 614;1 estrelas
CNF;Hotel B;257 vagas;R$ 981;3 estrelas
CNF;Hotel A;246 vagas;R$ 671;2 estrelas
CNF;Hotel D;231 vagas;R$ 600;2 estrelas
PMW;Hotel D;428 vagas;R$ 527;3 estrelas
SAO;Hotel E;167 vagas;R$ 557;4 estrelas
PMW;Hotel E;159 vagas;R$ 487;4 estrelas
SAO;Hotel E;268 vagas;R$ 864;3 estrelas
SAO;Hotel A;275 vagas;R$ 210;5 estrelas
SAO;Hotel C;300 vagas;R$ 134;2 estrelas
SAO;Hotel C;336 vagas;R$ 615;4 estrelas
CNF;Hotel D;28 vagas;R$ 104;3 estrelas
PMW;Hotel A;200 vagas;R$ 594;4 estrelas
PMW;Hotel E;111 vagas;R$ 776;4 estrelas
CNF;Hotel E;41 vagas;R$ 710;2 estrelas
SAO;Hotel A;47 vagas;R$ 466;5 estrelas
CNF;Hotel E;350 vagas;R$ 612;4 estrelas
SAO;Hotel E;416 vagas;R$ 861;2 estrelas
