Cliente 3434;CNF;PMW;3 dias;1 estrelas;R$ 5658.64
Cliente 7955;SAO;PMW;15 dias;2 estrelas;R$ 874.28
Cliente 2262;SAO;CNF;3 dias;3 estrelas;R$ 2703.96
Cliente 53;SAO;CNF;24 dias;5 estrelas;R$ 3413.17
Cliente 4911;PMW;SAO;22 dias;3 estrelas;R$ 6470.92
Cliente 2222;SAO;PMW;3 dias;4 estrelas;R$ 5947.2
Cliente 2714;SAO;CNF;12 dias;2 estrelas;R$ 2951.17
Cliente 9491;SAO;PMW;30 dias;4 estrelas;R$ 4168.13
Cliente 8434;CNF;SAO;5 dias;2 estrelas;R$ 9239.1
Cliente 4331;PMW;CNF;7 dias;5 estrelas;R$ 1666.61
Cliente 3066;CNF;PMW;18 dias;1 estrelas;R$ 202.95
Cliente 9750;SAO;PMW;5 dias;4 estrelas;R$ 7692.44
Cliente 8366;SAO;PMW;22 dias;2 estrelas;R$ 3136.78
Cliente 4969;CNF;PMW;3 dias;1 estrelas;R$ 3087.9
Cliente 3128;CNF;SAO;28 dias;5 estrelas;R$ 6847.46
Cliente 6168;PMW;SAO;3 dias;3 estrelas;R$ 5249.96
Cliente 9587;SAO;CNF;7 dias;5 estrelas;R$ 8207.66
Cliente 6988;SAO;PMW;16 dias;1 estrelas;R$ 925.33
Cliente 4791;SAO;CNF;2 dias;4 estrelas;R$ 4511.28
Cliente 9124;SAO;CNF;25 dias;5 estrelas;R$ 416.15
Cliente 7897;SAO;CNF;30 dias;1 estrelas;R$ 361.5
Cliente 1270;CNF;PMW;19 dias;4 estrelas;R$ 5883.91
Cliente 2738;PMW;SAO;3 dias;5 estrelas;R$ 6661.97
Cliente 693;PMW;SAO;7 dias;5 estrelas;R$ 1571.79
Cliente 7591;PMW;SAO;14 dias;1 estrelas;R$ 1513.18
Cliente 9471;PMW;CNF;27 dias;3 estrelas;R$ 5066.22
Cliente 588;CNF;SAO;7 dias;3 estrelas;R$ 4523.48
Cliente 2063;SAO;CNF;8 dias;3 estrelas;R$ 8127.91
Cliente 2439;SAO;CNF;24 dias;2 estrelas;R$ 5132.81
Cliente 236;PMW;SAO;15 dias;5 estrelas;R$ 8053.75
Cliente 227;SAO;CNF;4 dias;3 estrelas;R$ 5322.99
Cliente 1459;CNF;SAO;20 dias;4 estrelas;R$ 4604.12
Cliente 7725;CNF;SAO;15 dias;4 estrelas;R$ 678.69
Cliente 5840;SAO;PMW;20 dias;4 estrelas;R$ 5833.09
Cliente 3597;SAO;PMW;6 dias;4 estrelas;R$ 9262.95
Cliente 5387;SAO;PMW;8 dias;2 estrelas;R$ 8901.61
Cliente 3451;PMW;SAO;7 dias;2 estrelas;R$ 8561.19
Cliente 1633;SAO;PMW;23 dias;5 estrelas;R$ 377.43
Cliente 7957;PMW;CNF;5 dias;1 estrelas;R$ 7857.99
Cliente 2005;SAO;PMW;1 dias;3 estrelas;R$ 3166.03
Cliente 8658;SAO;PMW;17 dias;2 estrelas;R$ 3768.5
Cliente 8550;PMW;SAO;16 dias;1 estrelas;R$ 7435.09
Cliente 7697;CNF;PMW;4 dias;4 estrelas;R$ 4891.22
Cliente 7446;PMW;SAO;26 dias;1 estrelas;R$ 8553.16
Cliente 3609;CNF;PMW;7 dias;4 estrelas;R$ 9952.91
Cliente 2557;PMW;SAO;1 dias;4 estrelas;R$ 7926.47
Cliente 5999;CNF;SAO;4 dias;4 estrelas;R$ 2838.71
Cliente 1650;SAO;PMW;2 dias;1 estrelas;R$ 1086.61
Cliente 8484;SAO;PMW;29 dias;5 estrelas;R$ 1142.68
Cliente 5456;SAO;CNF;30 dias;4 estrelas;R$ 4127.39
Cliente 3177;PMW;SAO;27 dias;2 estrelas;R$ 4863.04
Cliente 9119;PMW;SAO;27 dias;1 estrelas;R$ 9220.1
Cliente 804;SAO;PMW;27 dias;5 estrelas;R$ 203.74
Cliente 9216;SAO;PMW;20 dias;4 estrelas;R$ 4002.82
Cliente 8854;CNF;SAO;22 dias;3 estrelas;R$ 4428.81
Cliente 2222;PMW;SAO;6 dias;5 estrelas;R$ 1847.99
Cliente 162;PMW;CNF;12 dias;3 estrelas;R$ 4725.36
Cliente 1625;PMW;CNF;4 dias;1 estrelas;R$ 2768.81
Cliente 789;PMW;SAO;18 dias;3 estrelas;R$ 3781.69
Cliente 7297;PMW;CNF;20 dias;1 estrelas;R$ 5969.58
Cliente 8314;CNF;PMW;18 dias;4 estrelas;R$ 3840.81
Cliente 4497;SAO;PMW;22 dias;1 estrelas;R$ 4282.57
Cliente 7832;SAO;CNF;12 dias;2 estrelas;R$ 4354.77
Cliente 9681;SAO;CNF;9 dias;5 estrelas;R$ 1386.8
Cliente 7053;CNF;SAO;25 dias;1 estrelas;R$ 4762.96
Cliente 1511;CNF;PMW;19 dias;5 estrelas;R$ 9502.22
Cliente 9732;CNF;PMW;22 dias;1 estrelas;R$ 7363.66
Cliente 701;PMW;CNF;3 dias;3 estrelas;R$ 981.51
Cliente 5787;CNF;PMW;7 dias;2 estrelas;R$ 9441.13
Cliente 1259;PMW;CNF;13 dias;2 estrelas;R$ 9555.58
Cliente 8688;SAO;CNF;24 dias;2 estrelas;R$ 6558.52
Cliente 6350;CNF;SAO;15 dias;3 estrelas;R$ 2844.29
Cliente 6334;SAO;CNF;14 dias;4 estrelas;R$ 8826.39
Cliente 8508;CNF;PMW;9 dias;1 estrelas;R$ 3870.81
Cliente 67;PMW;CNF;20 dias;3 estrelas;R$ 1813.04
Cliente 1458;CNF;PMW;20 dias;1 estrelas;R$ 6168.75
Cliente 3856;PMW;CNF;17 dias;2 estrelas;R$ 1913.62
Cliente 5258;CNF;SAO;13 dias;3 estrelas;R$ 4781.75
Cliente 285;SAO;CNF;15 dias;5 estrelas;R$ 1027.04
Cliente 3061;PMW;CNF;22 dias;1 estrelas;R$ 2269.97
Cliente 8019;SAO;CNF;4 dias;3 estrelas;R$ 9678.44
Cliente 4957;PMW;SAO;23 dias;1 estrelas;R$ 6958.94
Cliente 489;SAO;CNF;27 dias;1 estrelas;R$ 4193.62
Cliente 88;PMW;SAO;23 dias;4 estrelas;R$ 8747.81
Cliente 8647;CNF;PMW;28 dias;2 estrelas;R$ 9248.92
Cliente 6679;CNF;SAO;3 dias;4 estrelas;R$ 8481.31
Cliente 7806;CNF;SAO;27 dias;2 estrelas;R$ 6022.43
Cliente 3525;SAO;CNF;29 dias;2 estrelas;R$ 2515.06
Cliente 2240;CNF;PMW;1 dias;3 estrelas;R$ 4478.76
Cliente 6689;SAO;PMW;3 dias;3 estrelas;R$ 1747.08
Cliente 3538;PMW;SAO;8 dias;1 estrelas;R$ 3976.46
Cliente 7597;CNF;PMW;7 dias;4 estrelas;R$ 6096.85
Cliente 873;CNF;PMW;18 dias;3 estrelas;R$ 2079.23
Cliente 3727;SAO;PMW;13 dias;3 estrelas;R$ 7594.84
Cliente 8747;CNF;PMW;1 dias;1 estrelas;R$ 9569.91
Cliente 1700;SAO;CNF;25 dias;2 estrelas;R$ 3132.51
Cliente 8662;CNF;PMW;7 dias;1 estrelas;R$ 2468.06
Cliente 3251;SAO;PMW;28 dias;5 estrelas;R$ 7893.31
Cliente 7790;PMW;CNF;13 dias;5 estrelas;R$ 4310.58
Cliente 3457;CNF;PMW;15 dias;4 estrelas;R$ 7208.77
Cliente 347;SAO;CNF;4 dias;1 estrelas;R$ 1564.95
Cliente 2297;PMW;SAO;24 dias;5 estrelas;R$ 2413.87
Cliente 9863;SAO;PMW;18 dias;3 estrelas;R$ 3073.31
Cliente 8407;CNF;PMW;11 dias;1 estrelas;R$ 4286.85
Cliente 861;SAO;PMW;23 dias;5 estrelas;R$ 1099.73
Cliente 1504;SAO;PMW;16 dias;5 estrelas;R$ 4891.79
Cliente 9821;PMW;CNF;17 dias;1 estrelas;R$ 3524.63
Cliente 5822;PMW;SAO;21 dias;3 estrelas;R$ 9685.09
Cliente 9218;PMW;CNF;16 dias;1 estrelas;R$ 8328.52
Cliente 8085;SAO;PMW;8 dias;5 estrelas;R$ 5245.56
Cliente 3064;SAO;PMW;11 dias;1 estrelas;R$ 422.53
Cliente 8724;CNF;SAO;17 dias;4 estrelas;R$ 5797.75
Cliente 1187;PMW;SAO;29 dias;3 estrelas;R$ 1356.11
Cliente 6870;SAO;PMW;1 dias;4 estrelas;R$ 4315.08
Cliente 390;PMW;CNF;12 dias;5 estrelas;R$ 5734.23
Cliente 298;CNF;PMW;15 dias;2 estrelas;R$ 3042.38
Cliente 8001;SAO;CNF;5 dias;1 estrelas;R$ 3692.5
Cliente 834;CNF;PMW;17 dias;3 estrelas;R$ 3810.88
Cliente 1782;CNF;PMW;30 dias;2 estrelas;R$ 6590.22
Cliente 942;CNF;PMW;17 dias;4 estrelas;R$ 534.43
Cliente 2577;PMW;SAO;8 dias;2 estrelas;R$ 4409.45
Cliente 8920;CNF;PMW;4 dias;1 estrelas;R$ 5310.42
Cliente 8318;SAO;CNF;1 dias;1 estrelas;R$ 7821.82
Cliente 5690;PMW;CNF;26 dias;3 estrelas;R$ 8290.53
Cliente 5978;SAO;CNF;18 dias;3 estrelas;R$ 6116.92
Cliente 9511;SAO;CNF;21 dias;4 estrelas;R$ 2757.4
Cliente 1667;SAO;PMW;14 dias;3 estrelas;R$ 6431.54
Cliente 2300;SAO;CNF;11 dias;1 estrelas;R$ 1563.69
Cliente 1258;CNF;SAO;27 dias;4 estrelas;R$ 5980.69
Cliente 823;SAO;PMW;14 dias;2 estrelas;R$ 7865.19
Cliente 2765;PMW;SAO;26 dias;4 estrelas;R$ 3987.84
Cliente 3601;CNF;SAO;30 dias;5 estrelas;R$ 8251.74
Cliente 7974;PMW;SAO;15 dias;2 estrelas;R$ 8806.69
Cliente 3070;SAO;CNF;14 dias;5 estrelas;R$ 7035.83
Cliente 8774;PMW;CNF;26 dias;1 estrelas;R$ 7361.55
Cliente 6068;SAO;CNF;11 dias;4 estrelas;R$ 1226.78
Cliente 534;CNF;PMW;9 dias;4 estrelas;R$ 925.95
Cliente 5713;SAO;PMW;20 dias;1 estrelas;R$ 1893.85
Cliente 8796;CNF;SAO;15 dias;5 estrelas;R$ 8327.26
Cliente 7989;SAO;CNF;23 dias;5 estrelas;R$ 4835.41
Cliente 6851;PMW;CNF;7 dias;3 estrelas;R$ 8122.3
Cliente 9359;CNF;PMW;28 dias;4 estrelas;R$ 4144.43
Cliente 7282;CNF;PMW;7 dias;4 estrelas;R$ 3740.63
Cliente 7337;PMW;SAO;24 dias;3 estrelas;R$ 419.04
Cliente 1942;CNF;PMW;24 dias;2 estrelas;R$ 9814.85
Cliente 4728;PMW;CNF;3 dias;4 estrelas;R$ 7820.48
Cliente 841;PMW;SAO;5 dias;1 estrelas;R$ 1275.59
Cliente 3688;SAO;PMW;17 dias;3 estrelas;R$ 2620.95
Cliente 1221;PMW;CNF;23 dias;3 estrelas;R$ 7935.62
Cliente 9677;PMW;SAO;10 dias;4 estrelas;R$ 1722.88
Cliente 4773;CNF;SAO;16 dias;1 estrelas;R$ 5884.07
Cliente 3252;PMW;SAO;6 dias;3 estrelas;R$ 2058.81
Cliente 4814;PMW;SAO;5 dias;5 estrelas;R$ 9530.42
Cliente 4388;CNF;PMW;6 dias;3 estrelas;R$ 865.47
Cliente 1639;SAO;PMW;11 dias;4 estrelas;R$ 7581.98
Cliente 2536;PMW;CNF;21 dias;3 estrelas;R$ 4094.86
Cliente 4900;PMW;SAO;10 dias;3 estrelas;R$ 4538.08
Cliente 3507;CNF;SAO;16 dias;3 estrelas;R$ 550.96
Cliente 7106;CNF;SAO;4 dias;2 estrelas;R$ 8491.58
Cliente 8516;CNF;PMW;25 dias;2 estrelas;R$ 7583.14
Cliente 5028;SAO;CNF;9 dias;4 estrelas;R$ 1114.16
Cliente 4905;CNF;PMW;22 dias;5 estrelas;R$ 5392.45
Cliente 1186;PMW;SAO;1 dias;5 estrelas;R$ 5311.51
Cliente 3007;SAO;PMW;24 dias;1 estrelas;R$ 9049.05
Cliente 566;PMW;CNF;25 dias;5 estrelas;R$ 9655.9
Cliente 8576;CNF;SAO;23 dias;4 estrelas;R$ 1971.35
Cliente 5927;CNF;PMW;13 dias;5 estrelas;R$ 8617.11
Cliente 483;CNF;PMW;12 dias;2 estrelas;R$ 4852.55
Cliente 3271;SAO;PMW;4 dias;2 estrelas;R$ 1716.43
Cliente 3094;CNF;SAO;27 dias;1 estrelas;R$ 9952.5
Cliente 1221;SAO;CNF;19 dias;5 estrelas;R$ 8533.67
Cliente 7492;PMW;CNF;10 dias;4 estrelas;R$ 2809.54
Cliente 5729;PMW;CNF;30 dias;2 estrelas;R$ 7270.92
Cliente 4349;SAO;PMW;9 dias;3 estrelas;R$ 3710.36
Cliente 9818;SAO;PMW;24 dias;3 estrelas;R$ 4797.6
Cliente 8206;CNF;PMW;16 dias;1 estrelas;R$ 3588.9
Cliente 3686;CNF;PMW;6 dias;5 estrelas;R$ 7143.81
Cliente 5311;SAO;CNF;15 dias;3 estrelas;R$ 7830.34
Cliente 4264;CNF;PMW;16 dias;1 estrelas;R$ 547.07
Cliente 5988;CNF;PMW;23 dias;1 estrelas;R$ 4181.73
Cliente 3836;PMW;SAO;12 dias;5 estrelas;R$ 2382.19
Cliente 6612;SAO;CNF;11 dias;3 estrelas;R$ 9081.24
Cliente 9014;SAO;CNF;30 dias;5 estrelas;R$ 2300.91
Cliente 1156;CNF;SAO;4 dias;3 estrelas;R$ 7346.97
Cliente 2502;CNF;PMW;9 dias;4 estrelas;R$ 5885.69
Cliente 2181;SAO;CNF;24 dias;1 estrelas;R$ 4365.02
Cliente 7284;CNF;PMW;8 dias;1 estrelas;R$ 1669.86
Cliente 2157;SAO;PMW;5 dias;3 estrelas;R$ 9980.49
Cliente 5335;CNF;SAO;19 dias;5 estrelas;R$ 2762.26
Cliente 8399;SAO;PMW;1 dias;1 estrelas;R$ 834.37
Cliente 4839;CNF;PMW;14 dias;1 estrelas;R$ 9896.61
Cliente 9138;PMW;SAO;5 dias;3 estrelas;R$ 5167.78
Cliente 8918;PMW;SAO;12 dias;3 estrelas;R$ 3311.32
Cliente 7898;PMW;CNF;27 dias;5 estrelas;R$ 1709.23
Cliente 5453;CNF;PMW;4 dias;3 estrelas;R$ 8816.94
Cliente 968;CNF;SAO;20 dias;3 estrelas;R$ 3598.96
Cliente 3097;CNF;SAO;28 dias;5 estrelas;R$ 525.53
Cliente 8366;CNF;SAO;29 dias;5 estrelas;R$ 6388.39
Cliente 7666;CNF;PMW;27 dias;3 estrelas;R$ 2391.98
Cliente 7718;PMW;CNF;12 dias;2 estrelas;R$ 6316.23
Cliente 2978;SAO;CNF;21 dias;4 estrelas;R$ 7070.21
Cliente 6347;CNF;SAO;3 dias;3 estrelas;R$ 6774.1
Cliente 7046;SAO;PMW;16 dias;3 estrelas;R$ 4450.84
Cliente 7717;PMW;CNF;21 dias;3 estrelas;R$ 1611.01
Cliente 1154;CNF;SAO;18 dias;4 estrelas;R$ 3965.91
Cliente 7918;PMW;CNF;5 dias;1 estrelas;R$ 9667.1
Cliente 6158;PMW;SAO;7 dias;2 estrelas;R$ 5235.64
Cliente 785;CNF;SAO;3 dias;2 estrelas;R$ 1578.85
Cliente 4839;SAO;PMW;17 dias;1 estrelas;R$ 5027.53
Cliente 9364;SAO;PMW;2 dias;5 estrelas;R$ 9317.34
Cliente 4768;CNF;SAO;26 dias;1 estrelas;R$ 1534.12
Cliente 3045;PMW;CNF;12 dias;2 estrelas;R$ 2596.56
Cliente 6122;PMW;SAO;29 dias;2 estrelas;R$ 5041.04
Cliente 3201;CNF;PMW;18 dias;2 estrelas;R$ 234.32
Cliente 7619;PMW;SAO;2 dias;5 estrelas;R$ 3642.04
Cliente 5298;SAO;PMW;11 dias;4 estrelas;R$ 385.04
Cliente 2992;CNF;PMW;23 dias;5 estrelas;R$ 4986.75
Cliente 4158;CNF;SAO;10 dias;2 estrelas;R$ 5650.35
Cliente 2417;CNF;PMW;1 dias;4 estrelas;R$ 5375.48
Cliente 1780;CNF;SAO;19 dias;1 estrelas;R$ 7876.1
Cliente 2250;PMW;SAO;1 dias;1 estrelas;R$ 5935.42
Cliente 2049;PMW;SAO;11 dias;2 estrelas;R$ 9614.13
Cliente 976;PMW;SAO;7 dias;4 estrelas;R$ 1793.1
Cliente 1074;PMW;SAO;13 dias;3 estrelas;R$ 6953.72
Cliente 265;CNF;PMW;16 dias;3 estrelas;R$ 1534.52
Cliente 6264;PMW;CNF;19 dias;1 estrelas;R$ 9921.49
Cliente 968;SAO;PMW;29 dias;5 estrelas;R$ 1391.4
Cliente 6259;PMW;CNF;13 dias;2 estrelas;R$ 9911.02
Cliente 9833;PMW;CNF;14 dias;3 estrelas;R$ 7842.78
Cliente 9427;PMW;SAO;5 dias;4 estrelas;R$ 1843.5
Cliente 4321;CNF;PMW;30 dias;1 estrelas;R$ 4584.52
Cliente 2779;SAO;PMW;22 dias;5 estrelas;R$ 9385.29
Cliente 7252;PMW;SAO;26 dias;3 estrelas;R$ 1078.63
Cliente 3666;CNF;SAO;21 dias;5 estrelas;R$ 1728.67
Cliente 6270;CNF;PMW;17 dias;5 estrelas;R$ 7774.5
Cliente 2415;SAO;PMW;25 dias;4 estrelas;R$ 1413.82
Cliente 1002;PMW;CNF;21 dias;4 estrelas;R$ 3286.63
Cliente 1523;PMW;SAO;7 dias;3 estrelas;R$ 6797.0
Cliente 1153;SAO;CNF;12 dias;3 estrelas;R$ 5639.73
Cliente 8124;CNF;SAO;14 dias;3 estrelas;R$ 7538.49
Cliente 3442;SAO;PMW;27 dias;3 estrelas;R$ 5005.04
Cliente 5462;PMW;SAO;17 dias;5 estrelas;R$ 2819.37
Cliente 1256;PMW;SAO;6 dias;4 estrelas;R$ 925.01
Cliente 843;PMW;SAO;12 dias;1 estrelas;R$ 5362.61
Cliente 2871;CNF;SAO;18 dias;3 estrelas;R$ 4514.21
Cliente 7775;CNF;SAO;29 dias;1 estrelas;R$ 8639.68
Cliente 7654;SAO;PMW;2 dias;2 estrelas;R$ 6773.73
Cliente 3739;SAO;CNF;7 dias;5 estrelas;R$ 8917.59
Cliente 7730;PMW;CNF;23 dias;1 estrelas;R$ 8535.04
Cliente 9996;PMW;SAO;6 dias;1 estrelas;R$ 2629.58
Cliente 3509;SAO;PMW;8 dias;1 estrelas;R$ 3548.31
Cliente 3453;PMW;SAO;23 dias;4 estrelas;R$ 9712.09
Cliente 56;CNF;SAO;22 dias;3 estrelas;R$ 8975.62
Cliente 257;CNF;SAO;18 dias;2 estrelas;R$ 6785.0
Cliente 9741;CNF;SAO;27 dias;3 estrelas;R$ 4451.65
Cliente 4993;PMW;SAO;20 dias;5 estrelas;R$ 1847.31
Cliente 3747;SAO;CNF;15 dias;1 estrelas;R$ 1168.95
Cliente 4686;CNF;SAO;30 dias;1 estrelas;R$ 940.49
Cliente 7777;CNF;PMW;21 dias;5 estrelas;R$ 4568.64
Cliente 2557;CNF;PMW;18 dias;1 estrelas;R$ 2745.98
Cliente 1060;CNF;PMW;27 dias;1 estrelas;R$ 3292.93
Cliente 1243;PMW;CNF;11 dias;4 estrelas;R$ 4055.48
Cliente 3098;PMW;CNF;17 dias;2 estrelas;R$ 220.5
Cliente 7694;PMW;CNF;17 dias;2 estrelas;R$ 6646.44
Cliente 3057;CNF;PMW;8 dias;2 estrelas;R$ 2283.31
Cliente 7726;CNF;PMW;8 dias;4 estrelas;R$ 1891.21
Cliente 2435;CNF;PMW;9 dias;2 estrelas;R$ 9268.47
Cliente 7156;CNF;PMW;27 dias;1 estrelas;R$ 6802.82
Cliente 4570;CNF;PMW;2 dias;1 estrelas;R$ 8776.08
Cliente 1304;CNF;SAO;27 dias;2 estrelas;R$ 2910.08
Cliente 6306;PMW;SAO;7 dias;3 estrelas;R$ 6489.64
Cliente 4851;SAO;PMW;27 dias;1 estrelas;R$ 6765.15
Cliente 8729;PMW;CNF;26 dias;2 estrelas;R$ 7593.68
Cliente 791;SAO;PMW;28 dias;2 estrelas;R$ 2327.31
Cliente 9083;CNF;PMW;24 dias;4 estrelas;R$ 5914.77
Cliente 9237;PMW;CNF;14 dias;1 estrelas;R$ 2118.52
Cliente 4455;CNF;SAO;3 dias;5 estrelas;R$ 5131.22
Cliente 7804;PMW;SAO;18 dias;2 estrelas;R$ 4418.57
Cliente 9119;SAO;PMW;19 dias;1 estrelas;R$ 3706.54
Cliente 9986;SAO;CNF;1 dias;5 estrelas;R$ 6708.9
Cliente 8605;PMW;CNF;19 dias;4 estrelas;R$ 6116.38
Cliente 8255;CNF;PMW;16 dias;4 estrelas;R$ 9074.16
Cliente 3301;CNF;PMW;13 dias;3 estrelas;R$ 8106.52
Cliente 9230;CNF;PMW;16 dias;2 estrelas;R$ 9555.69
Cliente 7013;PMW;SAO;8 dias;3 estrelas;R$ 3614.93
Cliente 5745;SAO;CNF;26 dias;4 estrelas;R$ 765.01
Cliente 1478;SAO;PMW;18 dias;1 estrelas;R$ 2664.44
Cliente 3375;SAO;CNF;6 dias;4 estrelas;R$ 8870.34
Cliente 1324;CNF;SAO;5 dias;2 estrelas;R$ 3657.22
Cliente 6127;CNF;PMW;16 dias;2 estrelas;R$ 8337.01
Cliente 4526;CNF;SAO;28 dias;3 estrelas;R$ 2318.05
Cliente 349;CNF;SAO;19 dias;5 estrelas;R$ 9822.47
Cliente 9892;SAO;PMW;20 dias;5 estrelas;R$ 7193.2
Cliente 359;SAO;CNF;11 dias;3 estrelas;R$ 8993.71
Cliente 2820;CNF;PMW;7 dias;4 estrelas;R$ 7185.99
Cliente 7164;SAO;CNF;29 dias;1 estrelas;R$ 9442.42
Cliente 936;CNF;SAO;10 dias;5 estrelas;R$ 4371.77
Cliente 2645;SAO;PMW;3 dias;3 estrelas;R$ 1144.23
Cliente 819;PMW;SAO;25 dias;5 estrelas;R$ 9609.46
Cliente 1381;PMW;CNF;23 dias;2 estrelas;R$ 7458.07
Cliente 7960;SAO;CNF;15 dias;3 estrelas;R$ 5889.92
Cliente 385;SAO;PMW;12 dias;2 estrelas;R$ 2997.28
Cliente 6687;SAO;CNF;29 dias;3 estrelas;R$ 4908.95
Cliente 9102;PMW;SAO;7 dias;3 estrelas;R$ 511.26
Cliente 2344;PMW;CNF;13 dias;1 estrelas;R$ 1358.92
Cliente 5281;CNF;SAO;18 dias;4 estrelas;R$ 9774.36
Cliente 2403;PMW;CNF;2 dias;2 estrelas;R$ 5990.24
Cliente 8274;PMW;SAO;24 dias;5 estrelas;R$ 1329.63
Cliente 9085;SAO;CNF;4 dias;3 estrelas;R$ 5608.87
Cliente 4885;SAO;PMW;2 dias;3 estrelas;R$ 3006.69
Cliente 1641;CNF;PMW;10 dias;2 estrelas;R$ 2846.13
Cliente 6664;CNF;PMW;12 dias;2 estrelas;R$ 9782.97
Cliente 5999;PMW;SAO;23 dias;1 estrelas;R$ 3762.39
Cliente 9244;CNF;PMW;10 dias;2 estrelas;R$ 7345.01
Cliente 4811;SAO;CNF;18 dias;1 estrelas;R$ 9103.39
Cliente 5993;PMW;CNF;18 dias;1 estrelas;R$ 7729.46
Cliente 6090;CNF;PMW;7 dias;2 estrelas;R$ 998.77
Cliente 20;PMW;CNF;12 dias;4 estrelas;R$ 5691.04
Cliente 3797;PMW;CNF;24 dias;4 estrelas;R$ 8740.29
Cliente 2464;CNF;PMW;5 dias;1 estrelas;R$ 1301.29
Cliente 7162;CNF;SAO;10 dias;1 estrelas;R$ 1386.43
Cliente 952;CNF;PMW;26 dias;3 estrelas;R$ 9120.86
Cliente 5316;SAO;CNF;22 dias;5 estrelas;R$ 9520.12
Cliente 3407;SAO;PMW;8 dias;5 estrelas;R$ 578.15
Cliente 4401;PMW;CNF;10 dias;4 estrelas;R$ 5140.64
Cliente 9174;SAO;PMW;18 dias;2 estrelas;R$ 4348.67
Cliente 6730;PMW;SAO;17 dias;5 estrelas;R$ 2734.67
Cliente 2074;CNF;SAO;11 dias;4 estrelas;R$ 4440.18
Cliente 5803;CNF;PMW;20 dias;3 estrelas;R$ 9431.51
Cliente 1229;SAO;CNF;24 dias;5 estrelas;R$ 7914.15
Cliente 8144;CNF;PMW;23 dias;1 estrelas;R$ 3903.4
Cliente 5822;PMW;CNF;21 dias;2 estrelas;R$ 2186.82
Cliente 9661;CNF;PMW;17 dias;4 estrelas;R$ 936.9
Cliente 2856;CNF;SAO;2 dias;3 estrelas;R$ 2826.87
Cliente 7259;CNF;PMW;16 dias;1 estrelas;R$ 7590.32
Cliente 2583;SAO;CNF;7 dias;5 estrelas;R$ 6287.47
Cliente 3191;PMW;CNF;30 dias;1 estrelas;R$ 334.68
Cliente 6871;CNF;SAO;16 dias;1 estrelas;R$ 1074.44
Cliente 7179;SAO;PMW;13 dias;5 estrelas;R$ 3378.04
Cliente 5096;PMW;SAO;26 dias;4 estrelas;R$ 9056.94
Cliente 6693;CNF;SAO;10 dias;3 estrelas;R$ 666.01
Cliente 1593;PMW;SAO;19 dias;5 estrelas;R$ 435.91
Cliente 6947;CNF;PMW;24 dias;1 estrelas;R$ 5078.95
Cliente 5021;SAO;PMW;16 dias;3 estrelas;R$ 1230.51
Cliente 3185;CNF;SAO;22 dias;2 estrelas;R$ 6935.07
Cliente 8997;PMW;CNF;26 dias;5 estrelas;R$ 2310.62
Cliente 6716;PMW;CNF;6 dias;4 estrelas;R$ 5673.76
Cliente 1992;PMW;SAO;15 dias;3 estrelas;R$ 468.52
Cliente 440;CNF;SAO;27 dias;2 estrelas;R$ 8453.5
Cliente 8641;SAO;PMW;8 dias;2 estrelas;R$ 7991.28
Cliente 6259;PMW;SAO;25 dias;1 estrelas;R$ 2277.02
Cliente 7509;PMW;CNF;30 dias;4 estrelas;R$ 7271.33
Cliente 678;CNF;SAO;26 dias;1 estrelas;R$ 3781.18
Cliente 8462;PMW;CNF;1 dias;1 estrelas;R$ 1050.15
Cliente 372;CNF;PMW;10 dias;1 estrelas;R$ 8651.9
Cliente 7880;PMW;SAO;7 dias;3 estrelas;R$ 9485.95
Cliente 7917;CNF;SAO;30 dias;2 estrelas;R$ 2486.18
Cliente 1396;CNF;PMW;6 dias;2 estrelas;R$ 5364.81
Cliente 5801;SAO;PMW;29 dias;3 estrelas;R$ 7871.35
Cliente 3450;SAO;CNF;7 dias;1 estrelas;R$ 6040.47
Cliente 5781;CNF;PMW;30 dias;4 estrelas;R$ 1938.28
Cliente 2897;CNF;SAO;9 dias;1 estrelas;R$ 9752.82
Cliente 530;PMW;CNF;17 dias;1 estrelas;R$ 3545.23
Cliente 7963;CNF;SAO;9 dias;1 estrelas;R$ 2649.37
Cliente 6126;CNF;PMW;16 dias;5 estrelas;R$ 1795.13
Cliente 9230;PMW;CNF;1 dias;5 estrelas;R$ 4059.22
Cliente 6348;PMW;CNF;18 dias;3 estrelas;R$ 2135.35
Cliente 3200;PMW;SAO;1 dias;4 estrelas;R$ 1910.39
Cliente 343;PMW;SAO;15 dias;5 estrelas;R$ 6890.3
Cliente 1623;SAO;PMW;21 dias;1 estrelas;R$ 9372.96
Cliente 1845;SAO;CNF;22 dias;2 estrelas;R$ 6577.94
Cliente 9535;SAO;CNF;2 dias;3 estrelas;R$ 5885.1
Cliente 4351;SAO;PMW;20 dias;1 estrelas;R$ 4685.17
Cliente 2357;SAO;PMW;11 dias;4 estrelas;R$ 1514.01
Cliente 5818;CNF;SAO;25 dias;2 estrelas;R$ 4270.84
Cliente 9984;PMW;SAO;20 dias;1 estrelas;R$ 3726.65
Cliente 3440;PMW;CNF;15 dias;1 estrelas;R$ 7826.04
Cliente 1982;SAO;PMW;4 dias;3 estrelas;R$ 9129.34
Cliente 4190;PMW;SAO;30 dias;5 estrelas;R$ 6990.53
Cliente 1776;CNF;PMW;4 dias;1 estrelas;R$ 3789.32
Cliente 5969;CNF;PMW;12 dias;1 estrelas;R$ 5767.63
Cliente 4300;PMW;SAO;25 dias;4 estrelas;R$ 2275.25
Cliente 1206;SAO;PMW;1 dias;5 estrelas;R$ 3910.44
Cliente 4196;SAO;PMW;15 dias;3 estrelas;R$ 1681.14
Cliente 5978;CNF;PMW;15 dias;4 estrelas;R$ 5075.72
Cliente 2710;PMW;CNF;22 dias;1 estrelas;R$ 3345.53
Cliente 5875;SAO;CNF;3 dias;1 estrelas;R$ 4867.91
Cliente 7910;SAO;CNF;10 dias;2 estrelas;R$ 7799.71
Cliente 286;PMW;CNF;27 dias;1 estrelas;R$ 9905.28
Cliente 2011;SAO;PMW;6 dias;3 estrelas;R$ 8535.58
Cliente 2238;PMW;CNF;28 dias;4 estrelas;R$ 2178.28
Cliente 2198;PMW;SAO;28 dias;1 estrelas;R$ 5834.89
Cliente 8815;CNF;PMW;10 dias;2 estrelas;R$ 8867.18
Cliente 8025;PMW;SAO;24 dias;1 estrelas;R$ 8878.64
Cliente 6205;SAO;CNF;30 dias;5 estrelas;R$ 1162.39
Cliente 8693;SAO;CNF;17 dias;5 estrelas;R$ 7870.68
Cliente 1242;PMW;CNF;18 dias;5 estrelas;R$ 3926.56
Cliente 5846;SAO;CNF;13 dias;2 estrelas;R$ 6817.53
Cliente 1925;SAO;CNF;4 dias;2 estrelas;R$ 3546.25
Cliente 901;SAO;PMW;5 dias;4 estrelas;R$ 893.3
Cliente 6917;SAO;PMW;23 dias;4 estrelas;R$ 3497.19
Cliente 2686;SAO;PMW;10 dias;3 estrelas;R$ 9681.21
Cliente 7288;CNF;SAO;8 dias;1 estrelas;R$ 7839.07
Cliente 729;PMW;CNF;5 dias;5 estrelas;R$ 6999.52
Cliente 3288;CNF;PMW;20 dias;2 estrelas;R$ 4096.96
Cliente 7292;PMW;SAO;8 dias;1 estrelas;R$ 1782.76
Cliente 4757;PMW;SAO;9 dias;5 estrelas;R$ 3249.82
Cliente 3624;SAO;CNF;7 dias;4 estrelas;R$ 4786.6
Cliente 6575;SAO;PMW;27 dias;2 estrelas;R$ 9726.95
Cliente 5950;CNF;SAO;27 dias;2 estrelas;R$ 4906.69
Cliente 5040;SAO;PMW;30 dias;4 estrelas;R$ 4178.68
Cliente 3494;CNF;PMW;8 dias;5 estrelas;R$ 3594.27
Cliente 3602;PMW;CNF;27 dias;4 estrelas;R$ 628.55
Cliente 325;SAO;CNF;8 dias;3 estrelas;R$ 2184.26
Cliente 2685;PMW;CNF;29 dias;5 estrelas;R$ 6330.37
Cliente 7786;SAO;CNF;11 dias;3 estrelas;R$ 2098.89
Cliente 3246;SAO;PMW;20 dias;4 estrelas;R$ 7581.54
Cliente 7850;PMW;CNF;11 dias;3 estrelas;R$ 5358.78
Cliente 389;CNF;PMW;14 dias;2 estrelas;R$ 3400.28
Cliente 8760;PMW;SAO;10 dias;3 estrelas;R$ 2260.87
Cliente 5668;SAO;CNF;2 dias;5 estrelas;R$ 5508.47
Cliente 3222;SAO;CNF;27 dias;5 estrelas;R$ 7914.27
Cliente 4574;CNF;PMW;1 dias;3 estrelas;R$ 5970.05
Cliente 6154;CNF;PMW;11 dias;2 estrelas;R$ 9994.63
Cliente 8403;CNF;SAO;24 dias;1 estrelas;R$ 1936.33
Cliente 803;SAO;CNF;22 dias;4 estrelas;R$ 7878.52
Cliente 632;SAO;CNF;1 dias;5 estrelas;R$ 8580.91
Cliente 5223;SAO;PMW;3 dias;2 estrelas;R$ 5228.4
Cliente 3056;SAO;PMW;7 dias;4 estrelas;R$ 1896.11
Cliente 3960;PMW;SAO;19 dias;3 estrelas;R$ 6483.94
Cliente 3895;SAO;PMW;9 dias;5 estrelas;R$ 464.82
Cliente 5949;CNF;PMW;10 dias;5 estrelas;R$ 5120.55
Cliente 9283;PMW;CNF;30 dias;4 estrelas;R$ 7865.57
Cliente 5657;PMW;SAO;20 dias;5 estrelas;R$ 5031.34
Cliente 8864;CNF;PMW;21 dias;3 estrelas;R$ 6177.66
Cliente 724;SAO;CNF;7 dias;1 estrelas;R$ 597.08
Cliente 7707;SAO;PMW;9 dias;1 estrelas;R$ 3412.58
Cliente 375;PMW;CNF;2 dias;4 estrelas;R$ 537.51
Cliente 84;SAO;CNF;5 dias;4 estrelas;R$ 1015.63
Cliente 5951;CNF;SAO;9 dias;2 estrelas;R$ 2092.53
Cliente 7377;SAO;PMW;12 dias;5 estrelas;R$ 6728.33
Cliente 3241;CNF;SAO;1 dias;3 estrelas;R$ 6050.61
Cliente 5686;CNF;SAO;24 dias;4 estrelas;R$ 9472.22
Cliente 1561;PMW;CNF;11 dias;5 estrelas;R$ 5005.83
Cliente 6949;SAO;PMW;4 dias;4 estrelas;R$ 5471.78
Cliente 8678;PMW;CNF;21 dias;5 estrelas;R$ 6144.83
Cliente 6925;PMW;SAO;6 dias;1 estrelas;R$ 5336.31
Cliente 5367;PMW;SAO;5 dias;1 estrelas;R$ 613.14
Cliente 3496;PMW;CNF;21 dias;3 estrelas;R$ 8439.2
Cliente 172;CNF;PMW;21 dias;2 estrelas;R$ 9324.31
Cliente 2700;CNF;SAO;14 dias;4 estrelas;R$ 7688.73
Cliente 4504;CNF;SAO;17 dias;5 estrelas;R$ 9811.81
Cliente 9675;PMW;SAO;9 dias;3 estrelas;R$ 9120.01
Cliente 9066;CNF;SAO;30 dias;3 estrelas;R$ 1811.57
Cliente 9223;SAO;CNF;15 dias;5 estrelas;R$ 4196.19
Cliente 8092;CNF;SAO;20 dias;2 estrelas;R$ 7512.48
Cliente 5883;SAO;CNF;5 dias;3 estrelas;R$ 5338.54
Cliente 7107;SAO;PMW;30 dias;5 estrelas;R$ 667.83
Cliente 5317;CNF;PMW;22 dias;5 estrelas;R$ 6695.35
Cliente 9201;PMW;SAO;27 dias;5 estrelas;R$ 5532.55
Cliente 2494;PMW;CNF;27 dias;5 estrelas;R$ 2699.57
Cliente 3855;CNF;SAO;15 dias;5 estrelas;R$ 905.8
Cliente 3612;PMW;SAO;13 dias;4 estrelas;R$ 3533.85
Cliente 7859;CNF;PMW;29 dias;4 estrelas;R$ 8409.72
Cliente 827;CNF;PMW;22 dias;5 estrelas;R$ 7523.48
Cliente 7783;SAO;PMW;12 dias;3 estrelas;R$ 8919.91
Cliente 4730;SAO;PMW;17 dias;2 estrelas;R$ 2149.47
Cliente 6930;CNF;SAO;26 dias;5 estrelas;R$ 2591.29
Cliente 7867;CNF;SAO;3 dias;5 estrelas;R$ 1019.03
Cliente 4949;SAO;CNF;11 dias;5 estrelas;R$ 7967.63
Cliente 9360;SAO;CNF;1 dias;2 estrelas;R$ 9466.01
Cliente 3861;SAO;PMW;6 dias;1 estrelas;R$ 613.81
Cliente 8516;PMW;CNF;25 dias;2 estrelas;R$ 2926.45
Cliente 8065;SAO;PMW;10 dias;1 estrelas;R$ 2424.14
Cliente 7046;SAO;PMW;23 dias;1 estrelas;R$ 8119.11
Cliente 3406;CNF;SAO;9 dias;2 estrelas;R$ 7545.39
Cliente 1602;PMW;CNF;15 dias;5 estrelas;R$ 2118.18
Cliente 1489;PMW;CNF;17 dias;1 estrelas;R$ 3686.27
Cliente 2535;SAO;PMW;23 dias;3 estrelas;R$ 9942.79
Cliente 6085;PMW;SAO;27 dias;4 estrelas;R$ 9640.62
Cliente 4781;PMW;SAO;4 dias;1 estrelas;R$ 7494.79
Cliente 169;SAO;PMW;24 dias;4 estrelas;R$ 9352.22
Cliente 9729;CNF;SAO;21 dias;1 estrelas;R$ 3031.13
Cliente 5028;PMW;CNF;18 dias;4 estrelas;R$ 2830.24
Cliente 3523;SAO;PMW;17 dias;1 estrelas;R$ 3498.42
Cliente 65;SAO;PMW;20 dias;1 estrelas;R$ 5660.31
Cliente 1937;SAO;CNF;30 dias;3 estrelas;R$ 3958.21
Cliente 1797;PMW;CNF;8 dias;5 estrelas;R$ 5113.38
Cliente 9801;CNF;PMW;19 dias;3 estrelas;R$ 1138.01
Cliente 4924;SAO;PMW;10 dias;1 estrelas;R$ 1146.8
Cliente 3371;SAO;PMW;18 dias;1 estrelas;R$ 4444.93
Cliente 9447;PMW;SAO;11 dias;4 estrelas;R$ 5170.86
Cliente 1597;SAO;PMW;13 dias;4 estrelas;R$ 2199.31
Cliente 3783;PMW;CNF;24 dias;1 estrelas;R$ 5046.58
Cliente 7943;CNF;PMW;17 dias;3 estrelas;R$ 9214.13
Cliente 7280;PMW;SAO;10 dias;2 estrelas;R$ 3895.36
Cliente 1130;PMW;CNF;3 dias;2 estrelas;R$ 960.07
Cliente 5246;PMW;SAO;8 dias;5 estrelas;R$ 7154.72
Cliente 6625;PMW;SAO;15 dias;2 estrelas;R$ 1772.91
Cliente 1413;PMW;CNF;16 dias;4 estrelas;R$ 5118.1
Cliente 6830;SAO;CNF;19 dias;1 estrelas;R$ 3923.24
Cliente 2489;CNF;PMW;7 dias;4 estrelas;R$ 5552.3
Cliente 6674;CNF;SAO;10 dias;1 estrelas;R$ 7967.23
Cliente 5198;PMW;CNF;23 dias;3 estrelas;R$ 9189.66
Cliente 5877;PMW;CNF;29 dias;1 estrelas;R$ 4498.66
Cliente 6607;SAO;PMW;19 dias;2 estrelas;R$ 1040.61
Cliente 3608;CNF;PMW;7 dias;2 estrelas;R$ 4120.47
Cliente 2971;PMW;CNF;19 dias;3 estrelas;R$ 9273.98
Cliente 3838;SAO;PMW;3 dias;3 estrelas;R$ 5624.41
Cliente 4680;PMW;SAO;29 dias;2 estrelas;R$ 4743.56
Cliente 5860;PMW;SAO;11 dias;3 estrelas;R$ 4529.71
Cliente 5649;CNF;SAO;8 dias;1 estrelas;R$ 9463.64
Cliente 5749;SAO;CNF;19 dias;2 estrelas;R$ 1068.75
Cliente 4492;PMW;SAO;2 dias;4 estrelas;R$ 8947.99
Cliente 1901;CNF;PMW;9 dias;3 estrelas;R$ 1364.46
Cliente 5346;PMW;SAO;15 dias;2 estrelas;R$ 4395.06
Cliente 3494;SAO;PMW;10 dias;4 estrelas;R$ 3997.95
Cliente 7700;SAO;CNF;28 dias;3 estrelas;R$ 7371.17
Cliente 3589;SAO;CNF;18 dias;2 estrelas;R$ 5094.23
Cliente 386;SAO;CNF;1 dias;1 estrelas;R$ 6779.68
Cliente 4760;CNF;SAO;30 dias;5 estrelas;R$ 9637.93
Cliente 6290;CNF;PMW;8 dias;2 estrelas;R$ 6590.54
Cliente 628;PMW;SAO;11 dias;1 estrelas;R$ 147.81
Cliente 7334;CNF;SAO;8 dias;2 estrelas;R$ 6373.98
Cliente 8459;PMW;SAO;28 dias;5 estrelas;R$ 5457.61
Cliente 7371;CNF;SAO;8 dias;2 estrelas;R$ 7408.12
Cliente 8958;PMW;SAO;9 dias;1 estrelas;R$ 6447.58
Cliente 8687;PMW;CNF;14 dias;1 estrelas;R$ 3334.38
Cliente 8499;CNF;SAO;27 dias;4 estrelas;R$ 6908.35
Cliente 4801;CNF;PMW;21 dias;5 estrelas;R$ 738.27
Cliente 5142;SAO;CNF;21 dias;3 estrelas;R$ 3966.21
Cliente 6325;SAO;CNF;8 dias;5 estrelas;R$ 8905.27
Cliente 1154;CNF;SAO;7 dias;3 estrelas;R$ 7385.58
Cliente 2341;SAO;PMW;14 dias;3 estrelas;R$ 3257.59
Cliente 7010;CNF;PMW;5 dias;5 estrelas;R$ 7964.99
Cliente 2775;PMW;SAO;16 dias;4 estrelas;R$ 7283.62
Cliente 3813;PMW;CNF;1 dias;2 estrelas;R$ 7070.35
Cliente 3067;CNF;SAO;10 dias;5 estrelas;R$ 6981.1
Cliente 2799;CNF;PMW;20 dias;2 estrelas;R$ 5825.08
Cliente 253;SAO;PMW;19 dias;3 estrelas;R$ 909.28
Cliente 5283;CNF;SAO;23 dias;4 estrelas;R$ 4692.43
Cliente 6203;CNF;PMW;25 dias;5 estrelas;R$ 7457.71
Cliente 3995;SAO;PMW;5 dias;2 estrelas;R$ 8485.52
Cliente 7540;SAO;CNF;30 dias;1 estrelas;R$ 2768.65
Cliente 7305;SAO;PMW;19 dias;5 estrelas;R$ 6736.36
Cliente 6469;SAO;PMW;18 dias;2 estrelas;R$ 2616.62
Cliente 4608;CNF;PMW;28 dias;1 estrelas;R$ 7350.09
Cliente 334;PMW;SAO;26 dias;3 estrelas;R$ 6441.5
Cliente 8493;CNF;SAO;20 dias;5 estrelas;R$ 2326.96
Cliente 4640;CNF;SAO;23 dias;5 estrelas;R$ 797.92
Cliente 5279;PMW;CNF;28 dias;5 estrelas;R$ 8626.33
Cliente 3868;CNF;SAO;1 dias;2 estrelas;R$ 7051.71
Cliente 6764;PMW;SAO;3 dias;1 estrelas;R$ 5625.95
Cliente 6594;SAO;PMW;21 dias;5 estrelas;R$ 9447.27
Cliente 1597;PMW;SAO;23 dias;4 estrelas;R$ 2336.75
Cliente 9512;SAO;CNF;7 dias;2 estrelas;R$ 7246.83
Cliente 888;CNF;PMW;3 dias;5 estrelas;R$ 9827.17
Cliente 9572;SAO;CNF;15 dias;2 estrelas;R$ 2311.01
Cliente 1528;CNF;PMW;3 dias;2 estrelas;R$ 195.73
Cliente 8168;CNF;SAO;3 dias;3 estrelas;R$ 9701.8
Cliente 7415;PMW;CNF;23 dias;5 estrelas;R$ 2394.2
Cliente 6336;CNF;SAO;1 dias;4 estrelas;R$ 7996.89
Cliente 2969;SAO;CNF;30 dias;1 estrelas;R$ 540.8
Cliente 7975;PMW;SAO;7 dias;3 estrelas;R$ 6600.85
Cliente 3333;SAO;PMW;26 dias;5 estrelas;R$ 9712.78
Cliente 5986;CNF;PMW;14 dias;1 estrelas;R$ 3706.22
Cliente 4421;SAO;PMW;8 dias;4 estrelas;R$ 3295.09
Cliente 6699;PMW;CNF;7 dias;3 estrelas;R$ 7608.63
Cliente 3902;SAO;CNF;30 dias;1 estrelas;R$ 7840.83
Cliente 3237;CNF;PMW;15 dias;5 estrelas;R$ 4532.55
Cliente 5435;SAO;PMW;19 dias;3 estrelas;R$ 6826.25
Cliente 5313;PMW;CNF;8 dias;3 estrelas;R$ 8690.19
Cliente 2614;CNF;SAO;26 dias;1 estrelas;R$ 6375.84
Cliente 4781;PMW;SAO;28 dias;3 estrelas;R$ 8871.79
Cliente 4392;PMW;CNF;12 dias;3 estrelas;R$ 477.02
Cliente 8284;SAO;PMW;7 dias;1 estrelas;R$ 6034.78
Cliente 4606;CNF;PMW;30 dias;5 estrelas;R$ 3899.69
Cliente 6815;PMW;CNF;28 dias;2 estrelas;R$ 6185.87
Cliente 6843;SAO;PMW;6 dias;2 estrelas;R$ 5985.49
Cliente 3628;SAO;PMW;14 dias;1 estrelas;R$ 9967.85
Cliente 9968;SAO;PMW;25 dias;4 estrelas;R$ 6187.62
Cliente 5250;PMW;SAO;8 dias;2 estrelas;R$ 2072.9
Cliente 818;CNF;SAO;26 dias;2 estrelas;R$ 1109.23
Cliente 7833;CNF;SAO;20 dias;2 estrelas;R$ 731.2
Cliente 838;PMW;CNF;26 dias;1 estrelas;R$ 4954.14
Cliente 3406;SAO;PMW;16 dias;4 estrelas;R$ 4871.75
Cliente 2015;CNF;PMW;9 dias;2 estrelas;R$ 2024.67
Cliente 7566;CNF;SAO;3 dias;2 estrelas;R$ 5852.14
Cliente 6981;PMW;SAO;4 dias;1 estrelas;R$ 8314.73
Cliente 4745;PMW;SAO;18 dias;2 estrelas;R$ 4270.19
Cliente 4176;PMW;CNF;21 dias;5 estrelas;R$ 3710.71
Cliente 1716;CNF;PMW;24 dias;2 estrelas;R$ 6770.99
Cliente 2983;CNF;PMW;7 dias;3 estrelas;R$ 8938.2
Cliente 8130;SAO;PMW;20 dias;5 estrelas;R$ 1880.96
Cliente 9365;CNF;SAO;19 dias;3 estrelas;R$ 7764.59
Cliente 755;CNF;PMW;26 dias;1 estrelas;R$ 5552.13
Cliente 2220;PMW;SAO;29 dias;3 estrelas;R$ 1653.95
Cliente 3550;PMW;SAO;4 dias;1 estrelas;R$ 5102.09
Cliente 8391;CNF;SAO;23 dias;4 estrelas;R$ 898.29
Cliente 4285;CNF;SAO;12 dias;4 estrelas;R$ 5951.75
Cliente 5868;PMW;SAO;25 dias;2 estrelas;R$ 5698.04
Cliente 9936;SAO;PMW;2 dias;1 estrelas;R$ 396.23
Cliente 9450;SAO;PMW;30 dias;3 estrelas;R$ 2830.22
Cliente 9421;SAO;CNF;3 dias;5 estrelas;R$ 3655.76
Cliente 4271;SAO;PMW;21 dias;5 estrelas;R$ 3137.38
Cliente 3924;PMW;CNF;30 dias;5 estrelas;R$ 3181.45
Cliente 7457;PMW;CNF;17 dias;5 estrelas;R$ 2044.56
Cliente 9817;PMW;CNF;16 dias;2 estrelas;R$ 7134.82
Cliente 9409;SAO;PMW;12 dias;1 estrelas;R$ 2694.88
Cliente 1305;SAO;PMW;22 dias;4 estrelas;R$ 5389.56
Cliente 6883;SAO;PMW;15 dias;5 estrelas;R$ 5571.73
Cliente 3425;CNF;SAO;7 dias;1 estrelas;R$ 3525.54
Cliente 7236;CNF;SAO;12 dias;1 estrelas;R$ 3670.32
Cliente 4477;PMW;SAO;5 dias;3 estrelas;R$ 9856.24
Cliente 3468;CNF;SAO;24 dias;1 estrelas;R$ 144.58
Cliente 5152;CNF;SAO;4 dias;1 estrelas;R$ 8997.14
Cliente 6624;SAO;CNF;12 dias;1 estrelas;R$ 2337.86
Cliente 8521;SAO;CNF;6 dias;1 estrelas;R$ 8881.44
Cliente 1769;PMW;CNF;7 dias;1 estrelas;R$ 4626.7
Cliente 5785;CNF;PMW;21 dias;2 estrelas;R$ 5240.3
Cliente 26;PMW;SAO;18 dias;3 estrelas;R$ 1301.66
Cliente 6879;CNF;PMW;25 dias;4 estrelas;R$ 6794.46
Cliente 1160;CNF;PMW;13 dias;2 estrelas;R$ 2229.85
Cliente 1061;CNF;SAO;25 dias;2 estrelas;R$ 7634.93
Cliente 7221;SAO;PMW;2 dias;5 estrelas;R$ 8060.57
Cliente 9303;PMW;SAO;8 dias;1 estrelas;R$ 8056.17
Cliente 7293;CNF;PMW;1 dias;1 estrelas;R$ 728.27
Cliente 8728;PMW;CNF;8 dias;2 estrelas;R$ 7844.17
Cliente 1422;CNF;SAO;24 dias;3 estrelas;R$ 6136.83
Cliente 9216;CNF;SAO;7 dias;4 estrelas;R$ 4909.22
Cliente 7141;CNF;PMW;2 dias;2 estrelas;R$ 8531.46
Cliente 4341;PMW;SAO;23 dias;1 estrelas;R$ 1115.73
Cliente 9730;CNF;PMW;16 dias;3 estrelas;R$ 4407.7
Cliente 883;SAO;CNF;2 dias;3 estrelas;R$ 3843.6
Cliente 6761;CNF;SAO;14 dias;1 estrelas;R$ 6904.63
Cliente 6181;CNF;SAO;24 dias;3 estrelas;R$ 9194.14
Cliente 7725;CNF;PMW;23 dias;2 estrelas;R$ 1408.8
Cliente 6898;CNF;SAO;8 dias;2 estrelas;R$ 1184.79
Cliente 7880;SAO;CNF;11 dias;2 estrelas;R$ 2405.99
Cliente 5301;SAO;CNF;14 dias;2 estrelas;R$ 2979.49
Cliente 1167;CNF;PMW;29 dias;1 estrelas;R$ 8934.75
Cliente 8578;SAO;CNF;15 dias;5 estrelas;R$ 5404.52
Cliente 3046;PMW;CNF;30 dias;3 estrelas;R$ 624.56
Cliente 4741;CNF;PMW;21 dias;1 estrelas;R$ 2991.52
Cliente 1769;PMW;SAO;13 dias;3 estrelas;R$ 3509.14
Cliente 1521;SAO;PMW;24 dias;4 estrelas;R$ 7187.44
Cliente 5011;CNF;SAO;9 dias;2 estrelas;R$ 5535.97
Cliente 9935;SAO;PMW;3 dias;1 estrelas;R$ 6833.64
Cliente 7232;SAO;PMW;1 dias;2 estrelas;R$ 2559.08
Cliente 8655;SAO;CNF;19 dias;4 estrelas;R$ 1133.07
Cliente 1102;SAO;PMW;8 dias;5 estrelas;R$ 2061.89
Cliente 2589;SAO;CNF;1 dias;4 estrelas;R$ 1999.92
Cliente 8795;PMW;CNF;10 dias;3 estrelas;R$ 9216.54
Cliente 5599;SAO;PMW;10 dias;3 estrelas;R$ 1283.11
Cliente 7308;PMW;SAO;14 dias;5 estrelas;R$ 5000.97
Cliente 2594;CNF;SAO;17 dias;5 estrelas;R$ 5042.31
Cliente 837;SAO;CNF;30 dias;1 estrelas;R$ 7005.55
Cliente 2823;CNF;SAO;28 dias;3 estrelas;R$ 5431.83
Cliente 2164;PMW;CNF;3 dias;3 estrelas;R$ 6001.3
Cliente 9790;PMW;SAO;1 dias;5 estrelas;R$ 9968.55
Cliente 8660;PMW;CNF;3 dias;2 estrelas;R$ 6482.6
Cliente 5145;CNF;PMW;3 dias;1 estrelas;R$ 4748.02
Cliente 2740;PMW;SAO;21 dias;4 estrelas;R$ 7077.64
Cliente 3465;SAO;CNF;17 dias;5 estrelas;R$ 1661.53
Cliente 9815;PMW;CNF;23 dias;4 estrelas;R$ 5704.97
Cliente 8980;PMW;CNF;6 dias;1 estrelas;R$ 9521.6
Cliente 637;PMW;SAO;1 dias;2 estrelas;R$ 3031.03
Cliente 6003;PMW;SAO;29 dias;1 estrelas;R$ 5699.87
Cliente 444;PMW;CNF;12 dias;1 estrelas;R$ 230.28
Cliente 8934;CNF;PMW;2 dias;1 estrelas;R$ 8666.57
Cliente 9778;PMW;CNF;1 dias;1 estrelas;R$ 3570.77
Cliente 9287;SAO;PMW;13 dias;2 estrelas;R$ 5516.21
Cliente 2736;CNF;SAO;25 dias;3 estrelas;R$ 1312.48
Cliente 1957;PMW;CNF;26 dias;3 estrelas;R$ 5797.41
Cliente 9889;CNF;SAO;11 dias;3 estrelas;R$ 6782.64
Cliente 1601;PMW;SAO;20 dias;3 estrelas;R$ 1345.99
Cliente 7324;PMW;SAO;2 dias;2 estrelas;R$ 9897.92
Cliente 4302;CNF;SAO;14 dias;5 estrelas;R$ 9659.85
Cliente 3252;SAO;CNF;18 dias;2 estrelas;R$ 7701.32
Cliente 3609;PMW;CNF;1 dias;3 estrelas;R$ 4930.4
Cliente 1412;SAO;CNF;3 dias;5 estrelas;R$ 5949.48
Cliente 6925;CNF;PMW;3 dias;5 estrelas;R$ 2234.89
Cliente 3503;CNF;PMW;19 dias;4 estrelas;R$ 2917.31
Cliente 7749;PMW;SAO;26 dias;5 estrelas;R$ 9737.44
Cliente 1262;CNF;SAO;6 dias;1 estrelas;R$ 4356.7
Cliente 1838;CNF;PMW;2 dias;5 estrelas;R$ 3824.14
Cliente 4161;SAO;CNF;17 dias;2 estrelas;R$ 1930.56
Cliente 1411;SAO;CNF;7 dias;1 estrelas;R$ 1102.37
Cliente 6490;CNF;PMW;21 dias;4 estrelas;R$ 3724.14
Cliente 487;CNF;PMW;4 dias;3 estrelas;R$ 5136.6
Cliente 6757;CNF;PMW;28 dias;5 estrelas;R$ 1381.11
Cliente 7084;CNF;SAO;24 dias;2 estrelas;R$ 1443.59
Cliente 1466;PMW;SAO;1 dias;5 estrelas;R$ 1152.83
Cliente 9758;CNF;PMW;4 dias;5 estrelas;R$ 1445.42
Cliente 6883;CNF;SAO;17 dias;2 estrelas;R$ 5578.82
Cliente 7631;CNF;SAO;24 dias;1 estrelas;R$ 6079.3
Cliente 4195;CNF;PMW;17 dias;3 estrelas;R$ 3811.24
Cliente 917;PMW;SAO;9 dias;5 estrelas;R$ 7050.02
Cliente 3290;SAO;CNF;22 dias;4 estrelas;R$ 5390.67
Cliente 7689;SAO;CNF;28 dias;4 estrelas;R$ 9048.24
Cliente 7792;PMW;CNF;25 dias;3 estrelas;R$ 4126.84
Cliente 9556;CNF;SAO;21 dias;4 estrelas;R$ 873.82
Cliente 3643;CNF;SAO;29 dias;1 estrelas;R$ 4488.54
Cliente 145;SAO;PMW;20 dias;3 estrelas;R$ 1770.71
Cliente 5445;SAO;PMW;7 dias;5 estrelas;R$ 5288.71
Cliente 3175;SAO;PMW;24 dias;1 estrelas;R$ 6916.7
Cliente 2470;PMW;SAO;14 dias;4 estrelas;R$ 1633.51
Cliente 3517;SAO;PMW;3 dias;2 estrelas;R$ 6256.12
Cliente 378;SAO;PMW;5 dias;2 estrelas;R$ 2572.46
Cliente 10000;CNF;SAO;10 dias;4 estrelas;R$ 2152.38
Cliente 2325;CNF;SAO;19 dias;3 estrelas;R$ 7984.72
Cliente 2482;CNF;PMW;14 dias;3 estrelas;R$ 3480.74
Cliente 2474;PMW;SAO;12 dias;2 estrelas;R$ 4199.71
Cliente 1101;PMW;CNF;7 dias;2 estrelas;R$ 6966.86
Cliente 8546;CNF;PMW;22 dias;4 estrelas;R$ 2861.24
Cliente 3099;PMW;CNF;10 dias;2 estrelas;R$ 4550.04
Cliente 9289;PMW;SAO;29 dias;5 estrelas;R$ 6006.66
Cliente 510;SAO;CNF;8 dias;1 estrelas;R$ 3284.8
Cliente 7459;SAO;PMW;22 dias;1 estrelas;R$ 2890.94
Cliente 1406;SAO;CNF;28 dias;3 estrelas;R$ 1740.97
Cliente 3066;CNF;PMW;28 dias;4 estrelas;R$ 8801.83
Cliente 2746;SAO;CNF;23 dias;4 estrelas;R$ 126.12
Cliente 2472;PMW;CNF;18 dias;2 estrelas;R$ 5754.88
Cliente 8237;PMW;CNF;2 dias;5 estrelas;R$ 7444.03
Cliente 611;CNF;PMW;1 dias;2 estrelas;R$ 7357.72
Cliente 5091;SAO;CNF;6 dias;3 estrelas;R$ 7983.12
Cliente 6108;SAO;CNF;29 dias;1 estrelas;R$ 7804.44
Cliente 2793;CNF;SAO;6 dias;2 estrelas;R$ 4864.04
Cliente 11;PMW;SAO;2 dias;1 estrelas;R$ 7563.4
Cliente 2599;SAO;PMW;2 dias;5 estrelas;R$ 6914.03
Cliente 3276;CNF;SAO;11 dias;1 estrelas;R$ 4282.0
Cliente 3571;SAO;CNF;5 dias;3 estrelas;R$ 3430.46
Cliente 8341;SAO;CNF;18 dias;4 estrelas;R$ 5494.15
Cliente 8276;SAO;PMW;10 dias;2 estrelas;R$ 6013.93
Cliente 9363;PMW;SAO;1 dias;1 estrelas;R$ 1642.31
Cliente 2926;PMW;SAO;10 dias;1 estrelas;R$ 6129.26
Cliente 9202;PMW;SAO;2 dias;3 estrelas;R$ 828.89
Cliente 2873;CNF;SAO;30 dias;1 estrelas;R$ 7402.64
Cliente 559;CNF;PMW;7 dias;3 estrelas;R$ 6083.89
Cliente 1965;SAO;CNF;3 dias;1 estrelas;R$ 7250.59
Cliente 2233;SAO;PMW;17 dias;3 estrelas;R$ 5229.17
Cliente 740;SAO;CNF;16 dias;3 estrelas;R$ 9649.66
Cliente 1518;SAO;CNF;16 dias;3 estrelas;R$ 4932.95
Cliente 8826;PMW;SAO;18 dias;2 estrelas;R$ 1799.67
Cliente 2110;PMW;CNF;27 dias;5 estrelas;R$ 5261.13
Cliente 4648;CNF;PMW;25 dias;1 estrelas;R$ 8175.91
Cliente 3818;SAO;CNF;8 dias;3 estrelas;R$ 6000.81
Cliente 2285;CNF;PMW;18 dias;3 estrelas;R$ 8156.72
Cliente 6360;CNF;SAO;16 dias;2 estrelas;R$ 709.97
Cliente 2213;CNF;SAO;17 dias;4 estrelas;R$ 5920.24
Cliente 3976;SAO;CNF;29 dias;1 estrelas;R$ 4159.0
Cliente 4417;CNF;PMW;13 dias;1 estrelas;R$ 4383.53
Cliente 9098;CNF;PMW;21 dias;4 estrelas;R$ 9297.12
Cliente 7839;SAO;CNF;15 dias;5 estrelas;R$ 8155.26
Cliente 5176;CNF;PMW;20 dias;1 estrelas;R$ 2405.63
Cliente 7768;PMW;SAO;28 dias;1 estrelas;R$ 9263.92
Cliente 3030;CNF;PMW;18 dias;2 estrelas;R$ 4206.97
Cliente 9993;SAO;PMW;21 dias;4 estrelas;R$ 2638.21
Cliente 8706;PMW;SAO;30 dias;5 estrelas;R$ 449.51
Cliente 3228;PMW;CNF;6 dias;1 estrelas;R$ 5078.45
Cliente 2834;PMW;SAO;17 dias;5 estrelas;R$ 9799.39
Cliente 9020;CNF;SAO;25 dias;1 estrelas;R$ 8845.81
Cliente 6121;CNF;SAO;8 dias;4 estrelas;R$ 5478.96
Cliente 366;PMW;SAO;7 dias;4 estrelas;R$ 8902.9
Cliente 2591;CNF;PMW;13 dias;5 estrelas;R$ 4186.43
Cliente 9345;SAO;CNF;18 dias;4 estrelas;R$ 971.71
Cliente 2629;PMW;CNF;5 dias;4 estrelas;R$ 5714.86
Cliente 8357;PMW;SAO;19 dias;4 estrelas;R$ 7270.21
Cliente 2705;CNF;SAO;7 dias;1 estrelas;R$ 6809.47
Cliente 2627;SAO;PMW;10 dias;3 estrelas;R$ 3157.35
Cliente 1368;SAO;CNF;23 dias;3 estrelas;R$ 6470.76
Cliente 4118;SAO;PMW;8 dias;2 estrelas;R$ 7238.65
Cliente 3955;CNF;PMW;28 dias;2 estrelas;R$ 349.56
Cliente 3416;PMW;SAO;14 dias;5 estrelas;R$ 3421.11
Cliente 9796;SAO;CNF;17 dias;3 estrelas;R$ 3930.17
Cliente 7381;SAO;PMW;10 dias;5 estrelas;R$ 1212.55
Cliente 8706;SAO;CNF;25 dias;2 estrelas;R$ 7715.95
Cliente 2718;SAO;PMW;1 dias;4 estrelas;R$ 3717.85
Cliente 7745;PMW;SAO;9 dias;4 estrelas;R$ 7963.03
Cliente 7698;PMW;SAO;10 dias;1 estrelas;R$ 3955.3
Cliente 7849;PMW;CNF;3 dias;1 estrelas;R$ 9764.17
Cliente 8550;PMW;CNF;13 dias;5 estrelas;R$ 1407.44
Cliente 4921;SAO;CNF;30 dias;3 estrelas;R$ 2208.08
Cliente 341;PMW;SAO;26 dias;1 estrelas;R$ 7646.68
Cliente 332;CNF;SAO;15 dias;5 estrelas;R$ 5301.73
Cliente 7590;CNF;SAO;9 dias;5 estrelas;R$ 3012.09
Cliente 247;SAO;PMW;15 dias;1 estrelas;R$ 123.84
Cliente 5788;SAO;CNF;13 dias;1 estrelas;R$ 8269.09
Cliente 8385;SAO;PMW;24 dias;1 estrelas;R$ 7180.76
Cliente 7722;SAO;CNF;15 dias;3 estrelas;R$ 634.95
Cliente 5460;CNF;PMW;17 dias;3 estrelas;R$ 8689.48
Cliente 6592;CNF;SAO;18 dias;4 estrelas;R$ 9718.38
Cliente 5074;CNF;SAO;25 dias;4 estrelas;R$ 8933.92
Cliente 6105;PMW;CNF;4 dias;2 estrelas;R$ 5146.81
Cliente 6430;SAO;PMW;14 dias;3 estrelas;R$ 6815.67
Cliente 2970;PMW;CNF;15 dias;2 estrelas;R$ 7836.81
Cliente 3975;PMW;CNF;12 dias;1 estrelas;R$ 3233.38
Cliente 2036;CNF;SAO;13 dias;1 estrelas;R$ 7494.95
Cliente 702;CNF;SAO;7 dias;1 estrelas;R$ 4913.96
Cliente 2221;PMW;SAO;8 dias;2 estrelas;R$ 7102.0
Cliente 6049;CNF;SAO;13 dias;5 estrelas;R$ 2006.48
Cliente 9199;CNF;SAO;26 dias;2 estrelas;R$ 6516.01
Cliente 7114;PMW;SAO;6 dias;1 estrelas;R$ 2509.22
Cliente 7781;CNF;SAO;16 dias;4 estrelas;R$ 3282.71
Cliente 4224;SAO;PMW;21 dias;1 estrelas;R$ 8131.41
Cliente 9276;CNF;SAO;22 dias;3 estrelas;R$ 2756.03
Cliente 4839;SAO;CNF;12 dias;2 estrelas;R$ 1122.56
Cliente 6761;PMW;CNF;26 dias;1 estrelas;R$ 1437.36
Cliente 8615;PMW;CNF;24 dias;2 estrelas;R$ 7043.51
Cliente 8527;CNF;PMW;15 dias;5 estrelas;R$ 3858.63
Cliente 2161;SAO;CNF;18 dias;3 estrelas;R$ 1688.73
Cliente 5006;SAO;CNF;21 dias;3 estrelas;R$ 3906.97
Cliente 5306;SAO;CNF;22 dias;2 estrelas;R$ 8620.05
Cliente 6742;PMW;CNF;21 dias;4 estrelas;R$ 6968.08
Cliente 1673;SAO;CNF;3 dias;1 estrelas;R$ 6136.8
Cliente 3301;PMW;SAO;6 dias;5 estrelas;R$ 721.15
Cliente 8597;SAO;CNF;10 dias;5 estrelas;R$ 9857.5
Cliente 8059;CNF;SAO;7 dias;1 estrelas;R$ 6527.69
Cliente 6636;CNF;SAO;19 dias;2 estrelas;R$ 3585.17
Cliente 491;CNF;SAO;14 dias;3 estrelas;R$ 6943.05
Cliente 3822;SAO;CNF;3 dias;4 estrelas;R$ 2128.43
Cliente 7313;SAO;CNF;11 dias;1 estrelas;R$ 5855.72
Cliente 590;SAO;CNF;16 dias;2 estrelas;R$ 7144.78
Cliente 2215;SAO;PMW;2 dias;3 estrelas;R$ 7428.71
Cliente 432;PMW;CNF;10 dias;2 estrelas;R$ 3402.82
Cliente 3173;SAO;PMW;6 dias;2 estrelas;R$ 7914.94
Cliente 8281;PMW;SAO;29 dias;1 estrelas;R$ 3794.11
Cliente 9034;CNF;SAO;30 dias;1 estrelas;R$ 6623.87
Cliente 7097;SAO;CNF;2 dias;3 estrelas;R$ 3278.83
Cliente 4144;PMW;CNF;8 dias;2 estrelas;R$ 3556.92
Cliente 8961;CNF;SAO;27 dias;1 estrelas;R$ 2573.48
Cliente 404;CNF;PMW;12 dias;1 estrelas;R$ 2429.99
Cliente 9881;SAO;CNF;16 dias;5 estrelas;R$ 2939.67
Cliente 8631;CNF;PMW;27 dias;3 estrelas;R$ 388.54
Cliente 2068;CNF;SAO;4 dias;1 estrelas;R$ 5670.65
Cliente 5051;CNF;SAO;6 dias;3 estrelas;R$ 3700.44
Cliente 8948;CNF;SAO;20 dias;3 estrelas;R$ 5089.9
Cliente 4917;CNF;PMW;29 dias;2 estrelas;R$ 4039.45
Cliente 3237;PMW;SAO;2 dias;3 estrelas;R$ 7869.11
Cliente 1713;CNF;PMW;27 dias;5 estrelas;R$ 1709.94
Cliente 5393;SAO;PMW;20 dias;3 estrelas;R$ 5688.12
Cliente 2168;CNF;PMW;26 dias;1 estrelas;R$ 1130.24
Cliente 1795;PMW;SAO;2 dias;5 estrelas;R$ 1550.22
Cliente 6892;CNF;SAO;23 dias;1 estrelas;R$ 2225.56
Cliente 4098;PMW;CNF;6 dias;2 estrelas;R$ 3394.07
Cliente 7595;PMW;CNF;20 dias;1 estrelas;R$ 6420.01
Cliente 6114;PMW;SAO;27 dias;5 estrelas;R$ 7366.57
Cliente 521;CNF;SAO;14 dias;2 estrelas;R$ 3057.81
Cliente 4887;PMW;CNF;2 dias;4 estrelas;R$ 8106.6
Cliente 1727;SAO;CNF;18 dias;4 estrelas;R$ 6373.25
Cliente 5286;PMW;SAO;25 dias;4 estrelas;R$ 5768.44
Cliente 2581;PMW;CNF;16 dias;2 estrelas;R$ 6381.61
Cliente 3092;SAO;PMW;30 dias;5 estrelas;R$ 5648.07
Cliente 7853;PMW;SAO;8 dias;1 estrelas;R$ 7420.68
Cliente 843;SAO;CNF;23 dias;3 estrelas;R$ 1642.25
Cliente 7885;SAO;CNF;10 dias;3 estrelas;R$ 3966.87
Cliente 8667;SAO;CNF;27 dias;3 estrelas;R$ 1638.71
Cliente 4726;CNF;SAO;11 dias;3 estrelas;R$ 459.58
Cliente 6630;PMW;CNF;6 dias;5 estrelas;R$ 1218.76
Cliente 7212;CNF;SAO;20 dias;3 estrelas;R$ 6144.37
Cliente 5708;PMW;SAO;18 dias;2 estrelas;R$ 3467.64
Cliente 5836;CNF;SAO;15 dias;4 estrelas;R$ 7174.85
Cliente 5408;PMW;CNF;9 dias;1 estrelas;R$ 6485.15
Cliente 3167;SAO;CNF;1 dias;3 estrelas;R$ 8344.47
Cliente 8853;PMW;SAO;10 dias;4 estrelas;R$ 1338.28
Cliente 8297;CNF;SAO;24 dias;4 estrelas;R$ 2253.5
Cliente 2446;CNF;SAO;20 dias;3 estrelas;R$ 8929.7
Cliente 2760;PMW;CNF;22 dias;3 estrelas;R$ 1365.84
Cliente 2199;PMW;SAO;25 dias;1 estrelas;R$ 2383.22
Cliente 1874;CNF;PMW;24 dias;1 estrelas;R$ 8135.93
Cliente 42;CNF;PMW;10 dias;4 estrelas;R$ 7454.5
Cliente 6929;SAO;PMW;24 dias;5 estrelas;R$ 9967.68
Cliente 1227;SAO;PMW;7 dias;4 estrelas;R$ 9979.71
Cliente 9528;CNF;SAO;7 dias;4 estrelas;R$ 7430.92
Cliente 8657;SAO;CNF;29 dias;3 estrelas;R$ 8788.53
Cliente 5255;CNF;PMW;7 dias;5 estrelas;R$ 270.37
Cliente 4708;PMW;SAO;25 dias;5 estrelas;R$ 6793.68
Cliente 5221;CNF;PMW;2 dias;5 estrelas;R$ 9116.75
Cliente 1451;PMW;SAO;1 dias;5 estrelas;R$ 5964.78
Cliente 3503;CNF;SAO;6 dias;5 estrelas;R$ 1032.99
Cliente 8152;PMW;CNF;30 dias;1 estrelas;R$ 3217.23
Cliente 7989;SAO;PMW;29 dias;3 estrelas;R$ 2398.84
Cliente 3043;SAO;CNF;4 dias;3 estrelas;R$ 5095.58
Cliente 570;PMW;CNF;16 dias;4 estrelas;R$ 7217.62
Cliente 6205;PMW;SAO;18 dias;1 estrelas;R$ 8110.33
Cliente 4989;PMW;SAO;9 dias;4 estrelas;R$ 8405.13
Cliente 5274;CNF;SAO;23 dias;3 estrelas;R$ 7675.19
Cliente 2801;PMW;CNF;30 dias;2 estrelas;R$ 7591.78
Cliente 3316;SAO;CNF;13 dias;3 estrelas;R$ 3870.86
Cliente 9336;SAO;PMW;1 dias;5 estrelas;R$ 3836.8
Cliente 8168;SAO;CNF;12 dias;2 estrelas;R$ 6267.31
Cliente 5226;CNF;SAO;10 dias;3 estrelas;R$ 5482.54
Cliente 4337;SAO;CNF;7 dias;1 estrelas;R$ 5381.13
Cliente 5740;PMW;SAO;3 dias;5 estrelas;R$ 5985.55
Cliente 4108;PMW;SAO;12 dias;2 estrelas;R$ 511.04
Cliente 3376;CNF;PMW;7 dias;4 estrelas;R$ 3058.07
Cliente 3731;SAO;CNF;19 dias;4 estrelas;R$ 4970.31
Cliente 852;PMW;SAO;2 dias;2 estrelas;R$ 1584.86
Cliente 2013;PMW;SAO;28 dias;3 estrelas;R$ 4654.99
Cliente 5780;SAO;PMW;19 dias;2 estrelas;R$ 2899.87
Cliente 5745;PMW;SAO;25 dias;5 estrelas;R$ 1263.86
Cliente 8842;PMW;SAO;4 dias;4 estrelas;R$ 6540.95
Cliente 8044;SAO;CNF;20 dias;4 estrelas;R$ 6142.65
Cliente 3758;SAO;PMW;13 dias;5 estrelas;R$ 409.23
Cliente 9869;CNF;PMW;12 dias;2 estrelas;R$ 2256.98
Cliente 211;CNF;SAO;15 dias;2 estrelas;R$ 8701.21
Cliente 2480;CNF;SAO;28 dias;4 estrelas;R$ 1465.9
Cliente 6113;CNF;SAO;20 dias;5 estrelas;R$ 4024.96
Cliente 9448;CNF;SAO;25 dias;5 estrelas;R$ 2343.18
Cliente 2253;SAO;CNF;16 dias;2 estrelas;R$ 158.96
Cliente 8314;CNF;PMW;30 dias;2 estrelas;R$ 4933.29
Cliente 342;SAO;PMW;2 dias;3 estrelas;R$ 2949.5
Cliente 7253;PMW;SAO;19 dias;2 estrelas;R$ 8334.79
Cliente 5623;CNF;SAO;28 dias;2 estrelas;R$ 4969.55
Cliente 6847;PMW;CNF;25 dias;5 estrelas;R$ 6699.45
Cliente 9970;PMW;SAO;13 dias;4 estrelas;R$ 2098.87
Cliente 7674;CNF;SAO;2 dias;5 estrelas;R$ 8221.61
Cliente 1442;CNF;SAO;27 dias;5 estrelas;R$ 9253.15
Cliente 1624;SAO;CNF;1 dias;1 estrelas;R$ 4721.9
Cliente 3580;SAO;PMW;23 dias;1 estrelas;R$ 7787.95
Cliente 9242;CNF;PMW;24 dias;4 estrelas;R$ 6206.41
Cliente 8524;CNF;SAO;16 dias;3 estrelas;R$ 7839.52
Cliente 8082;SAO;CNF;11 dias;5 estrelas;R$ 3605.73
Cliente 304;CNF;PMW;17 dias;1 estrelas;R$ 7973.68
Cliente 7235;SAO;CNF;5 dias;3 estrelas;R$ 4761.24
Cliente 9523;PMW;CNF;29 dias;3 estrelas;R$ 8211.67
Cliente 6176;CNF;PMW;26 dias;5 estrelas;R$ 4245.09
Cliente 8742;CNF;SAO;4 dias;3 estrelas;R$ 1559.6
Cliente 4656;PMW;CNF;8 dias;5 estrelas;R$ 6290.01
Cliente 7689;SAO;PMW;2 dias;2 estrelas;R$ 9030.88
Cliente 4487;CNF;PMW;22 dias;3 estrelas;R$ 9289.69
Cliente 4775;PMW;SAO;9 dias;2 estrelas;R$ 5326.17
Cliente 2356;CNF;PMW;6 dias;2 estrelas;R$ 172.18
Cliente 8142;PMW;SAO;29 dias;2 estrelas;R$ 940.96
Cliente 9114;PMW;SAO;29 dias;3 estrelas;R$ 3240.71
Cliente 6875;CNF;PMW;11 dias;5 estrelas;R$ 4150.24
Cliente 8722;CNF;SAO;27 dias;1 estrelas;R$ 3911.49
Cliente 9465;PMW;CNF;29 dias;3 estrelas;R$ 6364.95
Cliente 6090;PMW;CNF;15 dias;4 estrelas;R$ 9888.42
Cliente 1306;SAO;CNF;12 dias;4 estrelas;R$ 9608.99
Cliente 7284;SAO;PMW;10 dias;2 estrelas;R$ 1957.0
Cliente 4055;CNF;SAO;17 dias;4 estrelas;R$ 4743.37
Cliente 789;PMW;CNF;19 dias;4 estrelas;R$ 1758.19
Cliente 396;CNF;PMW;9 dias;4 estrelas;R$ 2697.56
Cliente 2413;SAO;CNF;11 dias;2 estrelas;R$ 3975.66
Cliente 9502;SAO;PMW;23 dias;4 estrelas;R$ 7509.43
Cliente 204;CNF;SAO;17 dias;3 estrelas;R$ 269.44
Cliente 1384;CNF;PMW;11 dias;5 estrelas;R$ 8263.94
Cliente 1947;SAO;CNF;5 dias;5 estrelas;R$ 3565.23
Cliente 6908;SAO;CNF;15 dias;3 estrelas;R$ 685.5
Cliente 4441;PMW;SAO;5 dias;2 estrelas;R$ 6250.47
Cliente 7553;PMW;CNF;20 dias;4 estrelas;R$ 5076.38
Cliente 8573;SAO;PMW;2 dias;4 estrelas;R$ 2589.71
Cliente 4672;SAO;CNF;19 dias;3 estrelas;R$ 6300.89
Cliente 3164;PMW;SAO;12 dias;3 estrelas;R$ 4093.77
Cliente 8088;SAO;PMW;28 dias;5 estrelas;R$ 2671.98
Cliente 5607;SAO;PMW;23 dias;4 estrelas;R$ 7805.54
Cliente 8815;PMW;SAO;16 dias;4 estrelas;R$ 119.79
Cliente 7527;PMW;SAO;11 dias;2 estrelas;R$ 5958.25
Cliente 1923;CNF;PMW;6 dias;4 estrelas;R$ 1490.32
Cliente 4891;CNF;SAO;22 dias;1 estrelas;R$ 8683.97
Cliente 9190;SAO;CNF;6 dias;2 estrelas;R$ 973.86
Cliente 9829;CNF;PMW;16 dias;4 estrelas;R$ 312.18
Cliente 8121;PMW;CNF;15 dias;3 estrelas;R$ 1894.57
Cliente 8701;SAO;PMW;27 dias;4 estrelas;R$ 4643.48
Cliente 8987;PMW;SAO;27 dias;2 estrelas;R$ 3453.6
Cliente 8570;PMW;SAO;24 dias;2 estrelas;R$ 5067.83
Cliente 9571;CNF;PMW;19 dias;2 estrelas;R$ 2734.6
Cliente 7736;PMW;CNF;13 dias;1 estrelas;R$ 5473.51
Cliente 5995;SAO;CNF;30 dias;5 estrelas;R$ 3229.4
Cliente 117;SAO;PMW;23 dias;4 estrelas;R$ 2245.87
Cliente 114;CNF;SAO;17 dias;4 estrelas;R$ 5013.67
Cliente 8942;PMW;SAO;23 dias;2 estrelas;R$ 7252.85
Cliente 8863;CNF;PMW;12 dias;1 estrelas;R$ 3570.59
Cliente 6941;PMW;SAO;24 dias;4 estrelas;R$ 5535.49
Cliente 5547;PMW;SAO;24 dias;5 estrelas;R$ 524.72
Cliente 8707;SAO;PMW;20 dias;1 estrelas;R$ 1400.13
Cliente 6824;PMW;SAO;19 dias;4 estrelas;R$ 9492.98
Cliente 1051;PMW;SAO;14 dias;2 estrelas;R$ 4233.19
Cliente 3510;PMW;SAO;18 dias;4 estrelas;R$ 5182.1
Cliente 1418;PMW;SAO;23 dias;2 estrelas;R$ 556.36
Cliente 759;SAO;PMW;22 dias;5 estrelas;R$ 5803.11
Cliente 8630;CNF;PMW;10 dias;3 estrelas;R$ 8689.45
Cliente 2327;CNF;PMW;23 dias;5 estrelas;R$ 2224.9
Cliente 4190;CNF;SAO;22 dias;2 estrelas;R$ 1385.78
Cliente 944;CNF;PMW;2 dias;4 estrelas;R$ 9696.85
Cliente 9258;CNF;SAO;5 dias;5 estrelas;R$ 5667.03
Cliente 7566;SAO;CNF;17 dias;1 estrelas;R$ 9616.34
Cliente 5182;SAO;CNF;30 dias;1 estrelas;R$ 1515.38
Cliente 9118;SAO;PMW;5 dias;3 estrelas;R$ 3645.86
Cliente 3878;PMW;SAO;19 dias;1 estrelas;R$ 7743.9
Cliente 7443;PMW;CNF;16 dias;2 estrelas;R$ 2077.47
Cliente 1947;SAO;PMW;1 dias;2 estrelas;R$ 3241.36
Cliente 116;SAO;CNF;17 dias;4 estrelas;R$ 1998.13
Cliente 1755;SAO;CNF;20 dias;2 estrelas;R$ 3701.15
Cliente 6379;CNF;PMW;5 dias;5 estrelas;R$ 2955.44
Cliente 68;CNF;SAO;19 dias;1 estrelas;R$ 1946.99
Cliente 6601;CNF;PMW;30 dias;1 estrelas;R$ 8143.48
Cliente 5241;CNF;SAO;1 dias;2 estrelas;R$ 9308.17
Cliente 1750;CNF;SAO;25 dias;3 estrelas;R$ 591.31
